"date","time","recession","recession_pred_c","recession_pred_3","recession_pred_6","recession_pred_12","recession_pred_18"
1976-06-01,78,0,0.005,0,0.009,0.012,0.015
1976-07-01,79,0,0.011,0.003,0.009,0.007,0.015
1976-08-01,80,0,0.009,0.007,0.007,0.009,0.012
1976-09-01,81,0,0,0,0.007,0.013,0.012
1976-10-01,82,0,0,0,0,0.011,0.012
1976-11-01,83,0,0.003,0.004,0.009,0.011,0.015
1976-12-01,84,0,0.01,0,0.009,0.024,0.015
1977-01-01,85,0,0.011,0,0.009,0.022,0.015
1977-02-01,86,0,0.056,0.038,0,0.069,0.012
1977-03-01,87,0,0.011,0.002,0.009,0.019,0.015
1977-04-01,88,0,0.011,0.006,0.009,0.02,0.015
1977-05-01,89,0,0.013,0.011,0.009,0.02,0.015
1977-06-01,90,0,0.015,0,0.009,0.017,0.015
1977-07-01,91,0,0.015,0,0.009,0.02,0.015
1977-08-01,92,0,0.004,0,0.009,0.02,0.015
1977-09-01,93,0,0.007,0,0.009,0.02,0.015
1977-10-01,94,0,0.002,0,0.009,0.02,0.015
1977-11-01,95,0,0.005,0,0.009,0.02,0.015
1977-12-01,96,0,0.005,0.001,0.009,0.015,0.015
1978-01-01,97,0,0.013,0,0.009,0.02,0.015
1978-02-01,98,0,0.015,0,0.009,0.019,0.015
1978-03-01,99,0,0.018,0,0.009,0.018,0.015
1978-04-01,100,0,0.017,0.003,0.009,0,0.118
1978-05-01,101,0,0.016,0.003,0.004,0.017,0.108
1978-06-01,102,0,0.008,0.002,0.004,0.03,0.131
1978-07-01,103,0,0.008,0,0.004,0.025,0.143
1978-08-01,104,0,0.007,0.003,0.004,0.031,0.808
1978-09-01,105,0,0.009,0.004,0.004,0.028,0.931
1978-10-01,106,0,0.016,0.002,0,0.056,0.92
1978-11-01,107,0,0.034,0,0.013,0,0.931
1978-12-01,108,0,0.026,0.013,0.051,0.253,0.947
1979-01-01,109,0,0.019,0.065,0.189,0.397,0.966
1979-02-01,110,0,0.001,0.019,0.122,0.656,0.966
1979-03-01,111,0,0,0,0.088,0.888,0.966
1979-04-01,112,0,0.034,0.023,0.097,0.883,0.95
1979-05-01,113,0,0.011,0,0.116,0.927,0.947
1979-06-01,114,0,0.031,0.02,0.177,0.956,0.947
1979-07-01,115,0,0.044,0.002,0.028,0.957,0.966
1979-08-01,116,0,0.123,0.074,0.768,0.933,0.966
1979-09-01,117,0,0.038,0.052,0.877,0.969,0.966
1979-10-01,118,0,0.042,0.139,0.734,0.945,0.966
1979-11-01,119,0,0.011,0.884,0.914,0.931,0.966
1979-12-01,120,0,0.072,0.948,0.914,0.931,0.966
1980-01-01,121,0,0.243,0.919,0.936,0.933,0.966
1980-02-01,122,1,0.457,0.879,0.899,0.954,0.966
1980-03-01,123,1,0.551,0.969,0.914,0.934,0.966
1980-04-01,124,1,0.882,1,0.914,0.941,0.966
1980-05-01,125,1,0.882,0.965,0.898,0.924,0.951
1980-06-01,126,1,0.907,0.886,0.909,0.882,0.951
1980-07-01,127,1,0.863,0.142,0.596,0.771,0.932
1980-08-01,128,0,0.328,0.047,0.031,0.882,0.91
1980-09-01,129,0,0.247,0.076,0.031,0.896,0.891
1980-10-01,130,0,0.012,0,0,0.945,0.891
1980-11-01,131,0,0.018,0.027,0.092,0.836,0.895
1980-12-01,132,0,0.031,0.024,0.124,0.938,0.894
1981-01-01,133,0,0.027,0.005,0.323,0.901,0.894
1981-02-01,134,0,0.084,0.025,0.809,0.938,0.948
1981-03-01,135,0,0.117,0.088,0.84,0.891,0.966
1981-04-01,136,0,0.117,0.111,0.924,0.925,0.949
1981-05-01,137,0,0.116,0.716,0.851,0.918,0.949
1981-06-01,138,0,0.111,0.787,0.9,0.984,0.952
1981-07-01,139,0,0.134,1,0.9,0.984,0.97
1981-08-01,140,1,0.406,1,0.9,0.971,0.952
1981-09-01,141,1,0.531,1,0.939,0.927,0.949
1981-10-01,142,1,1,1,0.939,0.926,0.949
1981-11-01,143,1,0.988,1,0.937,0.899,0.945
1981-12-01,144,1,0.974,1,0.946,0.89,0.928
1982-01-01,145,1,0.964,0.989,0.936,0.895,0.925
1982-02-01,146,1,0.913,0.972,0.938,0.936,0.954
1982-03-01,147,1,0.905,1,0.959,0.893,0.967
1982-04-01,148,1,0.98,0.983,0.954,0.926,0.902
1982-05-01,149,1,0.94,0.99,0.932,0.886,0.957
1982-06-01,150,1,0.995,0.998,0.931,0.936,0.957
1982-07-01,151,1,0.921,0.951,0.953,0.827,0.904
1982-08-01,152,1,0.762,1,0.947,0.891,0.924
1982-09-01,153,1,0.907,0.978,0.871,0.896,0.943
1982-10-01,154,1,0.91,0.94,0.828,0.863,0.832
1982-11-01,155,1,0.69,0,0.066,0.277,0.176
1982-12-01,156,0,0.292,0,0.043,0.313,0.176
1983-01-01,157,0,0.031,0,0,0.338,0.184
1983-02-01,158,0,0.038,0,0.013,0.386,0.24
1983-03-01,159,0,0,0.015,0.049,0.118,0.114
1983-04-01,160,0,0.04,0,0.186,0.161,0.126
1983-05-01,161,0,0,0,0,0.158,0.03
1983-06-01,162,0,0,0,0,0.138,0.106
1983-07-01,163,0,0,0.002,0.01,0.017,0.015
1983-08-01,164,0,0,0,0.005,0,0.015
1983-09-01,165,0,0.013,0,0.005,0,0.015
1983-10-01,166,0,0.012,0,0.005,0.012,0.015
1983-11-01,167,0,0.017,0.012,0.005,0.026,0.015
1983-12-01,168,0,0.012,0.004,0.005,0.027,0.015
1984-01-01,169,0,0.015,0.003,0.005,0.016,0.015
1984-02-01,170,0,0.003,0,0.01,0.017,0.015
1984-03-01,171,0,0.003,0.008,0.01,0.003,0.015
1984-04-01,172,0,0.014,0.011,0.01,0.009,0.015
1984-05-01,173,0,0.016,0.001,0.029,0.024,0.015
1984-06-01,174,0,0.025,0.004,0.029,0.015,0.025
1984-07-01,175,0,0.022,0,0.023,0.028,0.045
1984-08-01,176,0,0.029,0.001,0,0.055,0.033
1984-09-01,177,0,0.024,0,0,0.043,0.03
1984-10-01,178,0,0.054,0,0,0.029,0.024
1984-11-01,179,0,0.048,0.018,0,0.023,0.261
1984-12-01,180,0,0.023,0.014,0,0.037,0.261
1985-01-01,181,0,0.013,0.02,0.01,0,0.003
1985-02-01,182,0,0,0,0.01,0.027,0.147
1985-03-01,183,0,0.002,0.009,0.01,0.019,0.198
1985-04-01,184,0,0.001,0.002,0.01,0.012,0.015
1985-05-01,185,0,0,0,0.01,0.042,0.015
1985-06-01,186,0,0.036,0.007,0.01,0.035,0.015
1985-07-01,187,0,0.002,0,0.01,0.027,0.015
1985-08-01,188,0,0,0,0.009,0.044,0.015
1985-09-01,189,0,0.012,0,0.07,0.048,0.012
1985-10-01,190,0,0.008,0,0.01,0.032,0.015
1985-11-01,191,0,0.007,0,0.01,0.046,0.015
1985-12-01,192,0,0.007,0.002,0.01,0.012,0.015
1986-01-01,193,0,0.007,0,0.01,0.014,0.015
1986-02-01,194,0,0.003,0.003,0.01,0.011,0.058
1986-03-01,195,0,0.006,0,0.01,0,0.046
1986-04-01,196,0,0.039,0,0.01,0.02,0.003
1986-05-01,197,0,0,0.017,0.01,0.01,0.023
1986-06-01,198,0,0.009,0.014,0.009,0.009,0.036
1986-07-01,199,0,0,0,0.009,0.013,0.003
1986-08-01,200,0,0,0,0,0.016,0.013
1986-09-01,201,0,0.036,0.021,0.004,0.03,0.007
1986-10-01,202,0,0,0,0.009,0.026,0.006
1986-11-01,203,0,0.009,0,0.009,0.012,0.006
1986-12-01,204,0,0.011,0,0.009,0,0.006
1987-01-01,205,0,0.006,0.001,0.009,0.011,0.006
1987-02-01,206,0,0.008,0.002,0.009,0.017,0.015
1987-03-01,207,0,0,0,0.009,0.009,0.015
1987-04-01,208,0,0.007,0.001,0.009,0.008,0.015
1987-05-01,209,0,0.018,0,0.009,0.058,0.068
1987-06-01,210,0,0.017,0,0.009,0.008,0.025
1987-07-01,211,0,0.008,0.004,0.009,0.04,0.025
1987-08-01,212,0,0.006,0,0.009,0.006,0.015
1987-09-01,213,0,0.02,0,0.009,0.016,0.025
1987-10-01,214,0,0.019,0,0.01,0.016,0.025
1987-11-01,215,0,0.01,0.005,0.01,0.022,0.029
1987-12-01,216,0,0.013,0.011,0.01,0.014,0.029
1988-01-01,217,0,0.006,0,0.01,0.005,0.029
1988-02-01,218,0,0,0,0.009,0.011,0.015
1988-03-01,219,0,0,0,0.009,0.008,0.015
1988-04-01,220,0,0.003,0,0.009,0.016,0.028
1988-05-01,221,0,0,0.003,0.009,0.016,0.015
1988-06-01,222,0,0.008,0.001,0.009,0.012,0.015
1988-07-01,223,0,0.007,0.002,0.009,0.015,0.028
1988-08-01,224,0,0.004,0.002,0.009,0.023,0.028
1988-09-01,225,0,0.006,0.002,0.009,0.016,0.028
1988-10-01,226,0,0.009,0.002,0.009,0.015,0.015
1988-11-01,227,0,0.008,0,0.009,0.011,0.07
1988-12-01,228,0,0.007,0.001,0.009,0.017,0.089
1989-01-01,229,0,0.008,0,0.009,0.018,0.11
1989-02-01,230,0,0.008,0,0.009,0.012,0.698
1989-03-01,231,0,0.003,0,0.003,0.022,0.982
1989-04-01,232,0,0.006,0,0.002,0.057,0.941
1989-05-01,233,0,0.007,0,0,0.067,0.935
1989-06-01,234,0,0,0.027,0,0.222,0.956
1989-07-01,235,0,0.022,0.002,0,0.308,0.931
1989-08-01,236,0,0,0,0,0.764,0.931
1989-09-01,237,0,0.001,0,0.002,0.785,0.951
1989-10-01,238,0,0.021,0,0.232,0.841,0.966
1989-11-01,239,0,0,0,0.012,0.833,0.861
1989-12-01,240,0,0,0,0.061,0.907,0.912
1990-01-01,241,0,0.005,0.336,0.258,0.883,0.966
1990-02-01,242,0,0.02,0.012,0.85,0.904,0.966
1990-03-01,243,0,0.014,0.091,0.799,0.92,0.966
1990-04-01,244,0,0.041,0.052,0.784,0.881,0.966
1990-05-01,245,0,0,0.805,0.869,0.875,0.966
1990-06-01,246,0,0.008,0.925,0.857,0.887,0.98
1990-07-01,247,0,0.036,0.777,0.807,0.842,0.955
1990-08-01,248,1,0.655,0.961,0.975,0.881,0.934
1990-09-01,249,1,0.886,0.984,0.98,0.844,0.934
1990-10-01,250,1,0.818,1,0.965,0.872,0.934
1990-11-01,251,1,1,0.981,0.951,0.874,0.813
1990-12-01,252,1,0.843,1,0.994,0.93,0.871
1991-01-01,253,1,0.9,0.951,0.685,0.828,0.796
1991-02-01,254,1,0.798,0.899,0.654,0.745,0.685
1991-03-01,255,1,0.896,0.184,0.22,0.282,0.269
1991-04-01,256,0,0.28,0.016,0.072,0.001,0.079
1991-05-01,257,0,0.049,0.028,0.019,0.01,0.059
1991-06-01,258,0,0.071,0.021,0.035,0.005,0.015
1991-07-01,259,0,0.002,0.004,0.005,0,0.015
1991-08-01,260,0,0.006,0,0.005,0,0.015
1991-09-01,261,0,0.013,0.015,0.005,0.046,0.015
1991-10-01,262,0,0,0.011,0.027,0.048,0.015
1991-11-01,263,0,0,0,0.005,0.041,0.015
1991-12-01,264,0,0,0.021,0,0.041,0.015
1992-01-01,265,0,0.182,0.022,0.01,0.011,0.015
1992-02-01,266,0,0,0,0.009,0.019,0.015
1992-03-01,267,0,0.002,0,0.009,0.014,0.015
1992-04-01,268,0,0.001,0,0.009,0.021,0.015
1992-05-01,269,0,0,0.004,0.009,0.02,0.015
1992-06-01,270,0,0.008,0,0.009,0.017,0.015
1992-07-01,271,0,0,0.001,0.009,0,0.015
1992-08-01,272,0,0.007,0.001,0.009,0.011,0.015
1992-09-01,273,0,0.006,0,0.009,0.012,0.015
1992-10-01,274,0,0.009,0.002,0.009,0.014,0.015
1992-11-01,275,0,0.008,0.002,0.009,0.015,0.015
1992-12-01,276,0,0.009,0,0.009,0.016,0.015
1993-01-01,277,0,0.008,0,0.009,0.02,0.015
1993-02-01,278,0,0.008,0.002,0.009,0.018,0.015
1993-03-01,279,0,0.007,0.002,0.009,0.014,0.015
1993-04-01,280,0,0.007,0.002,0.009,0.014,0.015
1993-05-01,281,0,0.008,0.001,0.009,0.015,0.015
1993-06-01,282,0,0.01,0,0.009,0.016,0.015
1993-07-01,283,0,0.008,0,0.009,0.016,0.015
1993-08-01,284,0,0.011,0,0.009,0.016,0.015
1993-09-01,285,0,0.01,0.002,0.009,0.016,0.015
1993-10-01,286,0,0.008,0.002,0.009,0.014,0.015
1993-11-01,287,0,0.008,0.002,0.009,0.014,0.015
1993-12-01,288,0,0.008,0.002,0.009,0.014,0.015
1994-01-01,289,0,0.007,0.003,0.009,0.015,0.015
1994-02-01,290,0,0.007,0.004,0.009,0.014,0.015
1994-03-01,291,0,0.007,0.001,0.009,0.016,0.015
1994-04-01,292,0,0.009,0,0.009,0.014,0.015
1994-05-01,293,0,0,0.001,0.009,0.014,0.015
1994-06-01,294,0,0.004,0.001,0.009,0.014,0.015
1994-07-01,295,0,0.014,0,0.009,0.015,0.015
1994-08-01,296,0,0.002,0.001,0.009,0.014,0.015
1994-09-01,297,0,0.002,0.001,0.009,0.013,0.015
1994-10-01,298,0,0.005,0.001,0.009,0.023,0.015
1994-11-01,299,0,0.013,0.001,0.009,0.024,0.015
1994-12-01,300,0,0.006,0,0.009,0.016,0.01
1995-01-01,301,0,0.012,0.001,0.009,0.015,0.015
1995-02-01,302,0,0.003,0.001,0.009,0.018,0.015
1995-03-01,303,0,0.004,0.001,0.009,0.023,0.025
1995-04-01,304,0,0,0,0.009,0.023,0.016
1995-05-01,305,0,0.022,0,0,0.01,0.013
1995-06-01,306,0,0.017,0.001,0,0.02,0.022
1995-07-01,307,0,0.006,0.001,0,0.027,0.022
1995-08-01,308,0,0,0.001,0.009,0.011,0.024
1995-09-01,309,0,0.008,0,0.009,0.011,0.024
1995-10-01,310,0,0.007,0.003,0.009,0.013,0.015
1995-11-01,311,0,0,0,0.009,0.05,0.026
1995-12-01,312,0,0.011,0,0.009,0.036,0.026
1996-01-01,313,0,0.011,0.01,0.009,0.061,0.015
1996-02-01,314,0,0.01,0.003,0.109,0.008,0.015
1996-03-01,315,0,0.007,0.002,0,0,0.02
1996-04-01,316,0,0.009,0,0.086,0.01,0.021
1996-05-01,317,0,0.008,0.04,0.08,0.053,0.065
1996-06-01,318,0,0.007,0,0.004,0.011,0.119
1996-07-01,319,0,0.006,0.077,0.096,0.046,0.119
1996-08-01,320,0,0.008,0,0.004,0.007,0.015
1996-09-01,321,0,0.008,0,0.009,0.009,0.015
1996-10-01,322,0,0.008,0,0.009,0.008,0.015
1996-11-01,323,0,0.008,0,0.009,0.015,0.015
1996-12-01,324,0,0,0.008,0.009,0.01,0.015
1997-01-01,325,0,0.005,0.007,0.009,0.017,0.015
1997-02-01,326,0,0.008,0,0.009,0.02,0.015
1997-03-01,327,0,0.008,0.001,0.009,0.014,0.015
1997-04-01,328,0,0.008,0,0.009,0.013,0.015
1997-05-01,329,0,0.008,0,0.009,0.017,0.015
1997-06-01,330,0,0.008,0,0.009,0.018,0.015
1997-07-01,331,0,0.008,0.001,0.009,0.023,0.015
1997-08-01,332,0,0.008,0.001,0.009,0.012,0.015
1997-09-01,333,0,0.008,0,0.009,0.009,0.015
1997-10-01,334,0,0.006,0,0.009,0.011,0.015
1997-11-01,335,0,0.006,0,0.009,0.01,0.013
1997-12-01,336,0,0.007,0,0.01,0.019,0.013
1998-01-01,337,0,0.008,0,0.009,0.011,0.072
1998-02-01,338,0,0.008,0.001,0.009,0.006,0.165
1998-03-01,339,0,0.008,0.002,0.009,0.02,0.041
1998-04-01,340,0,0.008,0.001,0.009,0.004,0.023
1998-05-01,341,0,0.008,0.001,0.009,0.009,0.041
1998-06-01,342,0,0.008,0.001,0,0.028,0.095
1998-07-01,343,0,0.001,0.001,0.009,0.021,0.021
1998-08-01,344,0,0.008,0.001,0.009,0.015,0.021
1998-09-01,345,0,0.004,0,0.009,0.036,0.048
1998-10-01,346,0,0.005,0.001,0.019,0.011,0.007
1998-11-01,347,0,0,0,0.019,0.128,0.186
1998-12-01,348,0,0.006,0.002,0.03,0.074,0.051
1999-01-01,349,0,0.01,0.001,0.009,0,0.042
1999-02-01,350,0,0.003,0.005,0.009,0.007,0.057
1999-03-01,351,0,0.007,0.006,0.011,0.101,0.122
1999-04-01,352,0,0.007,0,0.011,0.025,0.152
1999-05-01,353,0,0.006,0,0,0.016,0.165
1999-06-01,354,0,0.007,0,0.004,0.098,0.187
1999-07-01,355,0,0.007,0,0.009,0,0.183
1999-08-01,356,0,0.004,0,0.009,0.014,0.239
1999-09-01,357,0,0.009,0.021,0.027,0.001,0.23
1999-10-01,358,0,0.009,0.003,0.019,0.025,0.535
1999-11-01,359,0,0.009,0,0,0,0.647
1999-12-01,360,0,0.02,0,0.018,0.076,0.647
2000-01-01,361,0,0.012,0.036,0.01,0.061,0.761
2000-02-01,362,0,0.008,0.069,0.01,0.063,0.963
2000-03-01,363,0,0,0.031,0.009,0.28,0.948
2000-04-01,364,0,0,0,0.009,0.471,0.902
2000-05-01,365,0,0,0,0.023,0.666,0.902
2000-06-01,366,0,0.003,0,0.023,0.822,0.875
2000-07-01,367,0,0.005,0,0.009,0.783,0.862
2000-08-01,368,0,0.003,0,0.01,0.781,0.921
2000-09-01,369,0,0.019,0.008,0.091,0.876,0.901
2000-10-01,370,0,0.011,0,0.66,0.924,0.947
2000-11-01,371,0,0,0,0.666,0.895,0.977
2000-12-01,372,0,0.025,0.067,0.731,0.882,0.948
2001-01-01,373,0,0.013,0.867,0.9,0.875,0.887
2001-02-01,374,0,0.103,1,0.979,0.981,0.954
2001-03-01,375,0,0.273,0.966,0.95,0.949,0.951
2001-04-01,376,1,0.723,1,0.874,0.976,1
2001-05-01,377,1,0.73,0.994,0.95,0.952,0.936
2001-06-01,378,1,0.725,0.933,0.922,0.872,0.919
2001-07-01,379,1,0.714,1,0.925,0.756,0.723
2001-08-01,380,1,0.855,0.976,0.936,0.738,0.774
2001-09-01,381,1,0.837,1,0.865,0.696,0.608
2001-10-01,382,1,0.738,0.878,0.598,0.641,0.472
2001-11-01,383,1,0.766,0.134,0.391,0.325,0.274
2001-12-01,384,0,0.355,0.083,0.126,0.219,0.092
2002-01-01,385,0,0.126,0.05,0.027,0,0.045
2002-02-01,386,0,0,0.005,0.09,0,0.045
2002-03-01,387,0,0,0,0.082,0.014,0.015
2002-04-01,388,0,0.118,0.023,0.059,0.021,0.015
2002-05-01,389,0,0,0,0.01,0.01,0.015
2002-06-01,390,0,0,0,0.01,0.025,0.015
2002-07-01,391,0,0.009,0.004,0.009,0.01,0.015
2002-08-01,392,0,0.01,0.018,0.009,0.03,0.015
2002-09-01,393,0,0.014,0.012,0.009,0.028,0.015
2002-10-01,394,0,0.011,0.001,0.009,0.035,0.015
2002-11-01,395,0,0,0,0.072,0.023,0.015
2002-12-01,396,0,0.013,0.003,0,0.055,0.055
2003-01-01,397,0,0.007,0,0.072,0.019,0.058
2003-02-01,398,0,0.008,0,0.072,0.018,0.015
2003-03-01,399,0,0.008,0.033,0.072,0.015,0.061
2003-04-01,400,0,0,0.019,0,0.013,0.012
2003-05-01,401,0,0.026,0.001,0,0.013,0.012
2003-06-01,402,0,0.022,0.008,0.017,0.018,0.015
2003-07-01,403,0,0.045,0,0.009,0.021,0.015
2003-08-01,404,0,0.007,0,0.009,0.019,0.015
2003-09-01,405,0,0.008,0,0.009,0.018,0.015
2003-10-01,406,0,0.006,0.002,0.009,0.02,0.015
2003-11-01,407,0,0.007,0.002,0.009,0.019,0.015
2003-12-01,408,0,0.007,0,0.009,0.019,0.015
2004-01-01,409,0,0.006,0.004,0.009,0.019,0.015
2004-02-01,410,0,0.006,0.001,0.009,0.015,0.015
2004-03-01,411,0,0.006,0.001,0.009,0.016,0.015
2004-04-01,412,0,0.007,0,0.009,0.015,0.015
2004-05-01,413,0,0.007,0.001,0.009,0.014,0.015
2004-06-01,414,0,0.007,0,0.009,0.015,0.015
2004-07-01,415,0,0.007,0.001,0.009,0.015,0.015
2004-08-01,416,0,0.008,0.001,0.009,0.015,0.015
2004-09-01,417,0,0.007,0.001,0.009,0.016,0.015
2004-10-01,418,0,0.008,0.001,0.009,0.014,0.015
2004-11-01,419,0,0.008,0.001,0.009,0.014,0.015
2004-12-01,420,0,0.008,0.001,0.009,0.015,0.015
2005-01-01,421,0,0.008,0.001,0.009,0.016,0.015
2005-02-01,422,0,0.008,0.001,0.009,0.016,0.015
2005-03-01,423,0,0.006,0.001,0.009,0.015,0.015
2005-04-01,424,0,0.007,0,0.009,0.02,0.015
2005-05-01,425,0,0.008,0,0.009,0.02,0.015
2005-06-01,426,0,0.008,0.001,0.009,0.018,0.015
2005-07-01,427,0,0.008,0.001,0.009,0,0.015
2005-08-01,428,0,0.008,0.001,0.009,0,0
2005-09-01,429,0,0.034,0.017,0.005,0.055,0
2005-10-01,430,0,0.016,0.011,0.005,0,0.01
2005-11-01,431,0,0.007,0,0.009,0,0
2005-12-01,432,0,0.008,0,0.009,0,0.032
2006-01-01,433,0,0.008,0,0.009,0.073,0.024
2006-02-01,434,0,0.007,0,0.009,0.029,0.061
2006-03-01,435,0,0.007,0.001,0.009,0.088,0.066
2006-04-01,436,0,0.006,0.001,0.009,0.125,0.019
2006-05-01,437,0,0.007,0,0.009,0.113,0.075
2006-06-01,438,0,0.007,0,0.009,0.103,0.202
2006-07-01,439,0,0.007,0,0.107,0.215,0.897
2006-08-01,440,0,0.001,0.039,0.1,0.271,0.871
2006-09-01,441,0,0.006,0,0.091,0.143,0.912
2006-10-01,442,0,0.006,0.01,0.057,0.155,0.899
2006-11-01,443,0,0.01,0,0.065,0.204,0.899
2006-12-01,444,0,0.013,0,0.088,0.242,0.966
2007-01-01,445,0,0,0.003,0.054,0.896,0.946
2007-02-01,446,0,0.04,0.067,0.184,0.908,0.946
2007-03-01,447,0,0.032,0.037,0.135,0.909,0.946
2007-04-01,448,0,0.026,0,0.136,0.9,0.966
2007-05-01,449,0,0.031,0.084,0.226,0.932,0.932
2007-06-01,450,0,0.008,0.024,0.217,0.972,0.911
2007-07-01,451,0,0.011,0,0.777,0.934,0.98
2007-08-01,452,0,0.028,0.056,0.933,0.917,0.97
2007-09-01,453,0,0.061,0.291,0.933,0.944,0.97
2007-10-01,454,0,0.005,0.915,0.942,0.92,0.954
2007-11-01,455,0,0.322,0.953,0.909,0.941,0.967
2007-12-01,456,0,0.394,0.94,0.664,0.837,0.85
2008-01-01,457,1,0.672,0.983,0.985,0.964,1
2008-02-01,458,1,0.783,1,0.982,0.961,0.908
2008-03-01,459,1,0.814,1,0.977,0.943,0.979
2008-04-01,460,1,0.797,1,0.967,0.967,0.962
2008-05-01,461,1,0.856,0.956,0.933,0.814,0.844
2008-06-01,462,1,0.879,0.978,0.855,0.926,0.871
2008-07-01,463,1,0.92,1,0.967,0.941,0.88
2008-08-01,464,1,0.92,1,0.902,0.918,0.825
2008-09-01,465,1,0.946,0.989,0.934,0.889,0.989
2008-10-01,466,1,0.944,1,0.953,0.871,0.931
2008-11-01,467,1,0.968,0.993,0.95,0.894,0.931
2008-12-01,468,1,0.907,0.961,0.95,0.881,0.943
2009-01-01,469,1,0.958,1,0.96,0.881,0.956
2009-02-01,470,1,0.93,0.968,0.927,0.846,0.916
2009-03-01,471,1,0.93,0.993,0.95,0.85,0.916
2009-04-01,472,1,0.93,0.973,0.941,0.85,0.916
2009-05-01,473,1,0.853,0.932,0.726,0.82,0.874
2009-06-01,474,1,0.776,0.281,0.101,0.28,0.239
2009-07-01,475,0,0.282,0,0.006,0.024,0.039
2009-08-01,476,0,0,0,0.004,0,0.015
2009-09-01,477,0,0,0,0.004,0,0.015
2009-10-01,478,0,0.225,0.012,0.004,0.025,0.058
2009-11-01,479,0,0.009,0.008,0.003,0.037,0.058
2009-12-01,480,0,0,0.001,0.009,0.045,0.058
2010-01-01,481,0,0.005,0.005,0.009,0.043,0.058
2010-02-01,482,0,0.013,0.001,0.009,0,0.058
2010-03-01,483,0,0.011,0.001,0.009,0.004,0.015
2010-04-01,484,0,0.003,0,0.009,0.01,0.015
2010-05-01,485,0,0.005,0.001,0.009,0.01,0.015
2010-06-01,486,0,0.014,0,0.009,0.024,0.015
2010-07-01,487,0,0.012,0.002,0.009,0.023,0.015
2010-08-01,488,0,0.013,0.001,0.009,0.006,0.015
2010-09-01,489,0,0.014,0,0.009,0.004,0.015
2010-10-01,490,0,0.012,0,0.009,0.015,0.015
2010-11-01,491,0,0.006,0,0.009,0,0.015
2010-12-01,492,0,0.007,0,0.009,0.013,0.015
2011-01-01,493,0,0.007,0,0.009,0.017,0.015
2011-02-01,494,0,0.008,0.001,0.009,0.017,0.015
2011-03-01,495,0,0.005,0,0.009,0.016,0.015
2011-04-01,496,0,0.002,0.002,0.009,0.017,0.015
2011-05-01,497,0,0.016,0,0.009,0.021,0.015
2011-06-01,498,0,0.016,0,0.009,0.024,0.015
2011-07-01,499,0,0.013,0.016,0.009,0.011,0.015
2011-08-01,500,0,0.022,0.01,0.009,0.013,0.015
2011-09-01,501,0,0.013,0.014,0.009,0.015,0.019
2011-10-01,502,0,0.013,0.001,0.009,0.01,0.019
2011-11-01,503,0,0.006,0,0.009,0.009,0.015
2011-12-01,504,0,0.009,0,0.009,0.004,0.015
2012-01-01,505,0,0.007,0,0.009,0.021,0.015
2012-02-01,506,0,0.01,0,0.009,0.021,0.015
2012-03-01,507,0,0,0.003,0.009,0.021,0.015
2012-04-01,508,0,0.01,0.001,0.009,0.014,0.015
2012-05-01,509,0,0.008,0.001,0.009,0.015,0.015
2012-06-01,510,0,0.004,0.001,0.009,0.016,0.015
2012-07-01,511,0,0.004,0.001,0.009,0.018,0.015
2012-08-01,512,0,0.008,0,0.009,0.017,0.015
2012-09-01,513,0,0.008,0,0.009,0.018,0.015
2012-10-01,514,0,0.007,0.001,0.009,0.016,0.015
2012-11-01,515,0,0.008,0.003,0.098,0.018,0.012
2012-12-01,516,0,0.008,0.022,0.009,0.013,0.015
2013-01-01,517,0,0.006,0,0.009,0.024,0.015
2013-02-01,518,0,0.008,0.001,0.009,0.016,0.015
2013-03-01,519,0,0.008,0.001,0.009,0.015,0.015
2013-04-01,520,0,0.006,0.001,0.009,0.015,0.015
2013-05-01,521,0,0.007,0.001,0.009,0.015,0.015
2013-06-01,522,0,0.008,0.001,0.009,0.015,0.015
2013-07-01,523,0,0.01,0,0.009,0.014,0.015
2013-08-01,524,0,0.01,0,0.009,0.013,0.015
2013-09-01,525,0,0.007,0,0.009,0.009,0.015
2013-10-01,526,0,0.006,0.001,0.009,0.032,0.015
2013-11-01,527,0,0.012,0,0.009,0.02,0.015
2013-12-01,528,0,0.006,0,0.009,0.013,0.015
2014-01-01,529,0,0.003,0.001,0.009,0.014,0.015
2014-02-01,530,0,0.008,0,0.009,0.011,0.015
2014-03-01,531,0,0.008,0,0.009,0.015,0.015
2014-04-01,532,0,0.008,0,0.009,0.016,0.015
2014-05-01,533,0,0.007,0.001,0.009,0.017,0.015
2014-06-01,534,0,0.005,0.001,0.009,0.016,0.015
2014-07-01,535,0,0.007,0.001,0.009,0.011,0.015
2014-08-01,536,0,0.008,0.001,0.009,0.01,0.015
2014-09-01,537,0,0.008,0.001,0.009,0.009,0.015
2014-10-01,538,0,0.008,0.001,0.009,0.021,0.015
2014-11-01,539,0,0.008,0.001,0.009,0.013,0.015
2014-12-01,540,0,0.007,0.001,0.009,0.014,0.015
2015-01-01,541,0,0.007,0.002,0.009,0.011,0.015
2015-02-01,542,0,0.018,0,0.009,0.021,0.014
2015-03-01,543,0,0.018,0,0.009,0.063,0.014
2015-04-01,544,0,0.018,0,0.009,0.018,0.014
2015-05-01,545,0,0.018,0,0.009,0.029,0.034
2015-06-01,546,0,0.018,0,0.009,0.03,0.034
2015-07-01,547,0,0.006,0.001,0.009,0.009,0.015
2015-08-01,548,0,0.006,0.001,0.009,0.013,0.015
2015-09-01,549,0,0.005,0,0.009,0.013,0.015
2015-10-01,550,0,0.005,0.004,0.009,0.01,0.015
2015-11-01,551,0,0.018,0.003,0.009,0.018,0.014
2015-12-01,552,0,0.018,0.003,0.009,0.062,0.014
2016-01-01,553,0,0.005,0.003,0.003,0.009,0.015
2016-02-01,554,0,0.002,0.002,0.003,0.022,0.015
2016-03-01,555,0,0.003,0.003,0.009,0.012,0.035
2016-04-01,556,0,0.033,0.006,0.009,0.01,0.015
2016-05-01,557,0,0.005,0,0.009,0.01,0.015
2016-06-01,558,0,0.002,0.001,0.009,0.017,0.015
2016-07-01,559,0,0.004,0.001,0.009,0.015,0.015
2016-08-01,560,0,0.005,0.001,0.009,0.015,0.015
2016-09-01,561,0,0.005,0.001,0.009,0.014,0.015
2016-10-01,562,0,0.006,0.001,0.009,0.02,0.015
2016-11-01,563,0,0.006,0,0.009,0.021,0.015
2016-12-01,564,0,0.007,0.01,0.009,0.024,0.015
2017-01-01,565,0,0.007,0,0.009,0.014,0.015
2017-02-01,566,0,0.007,0,0.009,0.013,0.015
2017-03-01,567,0,0.007,0.001,0.009,0.018,0.015
2017-04-01,568,0,0.007,0.001,0.009,0.016,0.015
2017-05-01,569,0,0.007,0.001,0.009,0.016,0.015
2017-06-01,570,0,0.008,0.001,0.009,0.014,0.015
2017-07-01,571,0,0.008,0.001,0.009,0.012,0.015
2017-08-01,572,0,0.006,0,0.009,0.011,0.012
2017-09-01,573,0,0.006,0,0.005,0.032,0.012
2017-10-01,574,0,0.008,0.001,0.009,0.015,0.015
2017-11-01,575,0,0.008,0.001,0.009,0.015,0.015
2017-12-01,576,0,0.008,0.002,0.009,0.021,0.015
2018-01-01,577,0,0.007,0.001,0.009,0.012,0.015
2018-02-01,578,0,0.005,0.001,0.009,0.011,0.015
2018-03-01,579,0,0.007,0.001,0.009,0.008,0.015
2018-04-01,580,0,0.006,0.001,0.009,0.003,0.015
2018-05-01,581,0,0.006,0.001,0.009,0.047,0.015
2018-06-01,582,0,0.006,0.001,0.009,0,0.015
2018-07-01,583,0,0.015,0.001,0.009,0.043,0.052
2018-08-01,584,0,0.015,0.001,0.009,0.041,0.073
2018-09-01,585,0,0.015,0.001,0.009,0.039,0.838
2018-10-01,586,0,0.018,0.001,0.009,0.033,0.914
2018-11-01,587,0,0.007,0,0.009,0.058,0.933
2018-12-01,588,0,0.008,0,0.009,0.013,0.949
2019-01-01,589,0,0.004,0,0.009,0.05,0.834
2019-02-01,590,0,0.013,0,0.009,0.119,0.869
2019-03-01,591,0,0.016,0,0.009,0.582,0.962
2019-04-01,592,0,0.011,0.012,0.009,0.675,0.962
2019-05-01,593,0,0.011,0.002,0.009,0.672,0.957
2019-06-01,594,0,0.014,0.006,0.036,0.857,0.939
2019-07-01,595,0,0.001,0.004,0.041,0.857,0.959
2019-08-01,596,0,0.017,0,0.111,0.888,0.933
2019-09-01,597,0,0.009,0.019,0.725,0.934,0.933
2019-10-01,598,0,0,0.003,0.726,0.847,0.933
2019-11-01,599,0,0.014,0.066,0.862,0.919,0.96
2019-12-01,600,0,0.037,0.822,0.804,0.806,0.859
2020-01-01,601,0,0.041,0.879,0.739,0.779,0.809
2020-02-01,602,0,0.041,0.876,0.723,0.878,0.85
2020-03-01,603,1,0.689,0.904,0.699,0.871,0.665
2020-04-01,604,1,0.582,0.02,0.326,0.212,0.272
2020-05-01,605,0,0.361,0.068,0.125,0.147,0.168
2020-06-01,606,0,0.332,0.01,0.029,0.078,0.089
2020-07-01,607,0,0.008,0,0.009,0,0.09
2020-08-01,608,0,0.023,0.112,0.23,0.137,0.196
2020-09-01,609,0,0,0,0.058,0.049,0.06
2020-10-01,610,0,0,0.012,0.017,0,0.06
2020-11-01,611,0,0.023,0,0.009,0.004,0.118
2020-12-01,612,0,0.004,0,0.009,0,0.091
2021-01-01,613,0,0.007,0.01,0.017,0.015,0.118
2021-02-01,614,0,0.03,0.005,0.017,0.044,0.105
2021-03-01,615,0,0,0.003,0.009,0.006,0.015
2021-04-01,616,0,0,0.001,0.009,0.018,0.015
2021-05-01,617,0,0.004,0.002,0.009,0.008,0.015
2021-06-01,618,0,0.005,0.013,0.009,0.021,0.015
2021-07-01,619,0,0.005,0.004,0.009,0.033,0.015
2021-08-01,620,0,0,0.006,0.009,0.058,0.015
2021-09-01,621,0,0.003,0.009,0.009,0.053,0.015
2021-10-01,622,0,0.02,0,0.009,0.018,0.015
2021-11-01,623,0,0.018,0,0.009,0.01,0.015
2021-12-01,624,0,0.003,0.002,0.009,0.005,0.015
2022-01-01,625,0,0.01,0.006,0.009,0.005,0.015
2022-02-01,626,0,0.002,0,0.009,0.045,0.015
2022-03-01,627,0,0.022,0,0.009,0.048,0.087
2022-04-01,628,0,0.009,0,0.009,0.045,0.1
2022-05-01,629,0,0.009,0,0.009,0.044,0.074
2022-06-01,630,0,0.03,0,0.009,0.044,0.219
2022-07-01,631,0,0.028,0.009,0.009,0.075,0.225
2022-08-01,632,0,0.005,0,0.009,0.058,0.145
2022-09-01,633,0,0.003,0.001,0.003,0.134,0.594
2022-10-01,634,0,0.013,0,0.003,0.293,0.784
2022-11-01,635,0,0.006,0.002,0,0.326,0.429
2022-12-01,636,0,0.021,0,0,0.476,0.42
2023-01-01,637,0,0.012,0,0,0.688,0.41
2023-02-01,638,0,0.007,0.023,0.075,0.568,0.4
2023-03-01,639,0,0.015,0,0.19,0.553,0.416
2023-04-01,640,0,0.019,0,0.368,0.669,0.44
2023-05-01,641,0,0.028,0.025,0.286,0.683,0.445
2023-06-01,642,0,0.045,0,0.674,0.731,0.845
2023-07-01,643,0,0.035,0.092,0.673,0.729,0.676
2023-08-01,644,0,0.026,0.043,0.527,0.766,0.968
